<?xml version="1.0" encoding="UTF-8"?>
<LangFile>
	<!--
							Fichier de couleurs d'interfaces
		Syntaxe :
			<entry key="nom de la clef">contenu</entry>
			
		Note :
			Le nom du fichier (sans son extension) est automatiquement ajoute avant la clef. Par
			exemple, pour faire reference aux clefs declarees dans le fichier "colors.xml", il
			faudra ajouter "colors." aux noms des clefs
			 Certaines grilles supportent le format AARRGGBB
	-->
	
	<!--======================================================================-->
	<!--                            Couleurs                                -->
	<!--======================================================================-->
	
	<entry key="ui.modalbg">0x000000</entry>
	<entry key="ui.shadow">0x333333</entry>
	<entry key="ui.shadow.dark">0x000000</entry>
	<entry key="ui.light">0x8a8a8a</entry>  <!-- BLANC 0xffffff -->
	<entry key="ui.bg.window">0x24251f</entry>
	<entry key="ui.wnd.border">0x6F6D61</entry>
	
	<entry key="chat.bgColor">0xdedabd</entry>
	
	<entry key="gamemenu.background">0x000000</entry>
	<entry key="gamemenu.background.alpha">0.8</entry>
	
	<entry key="grid.title">0x514A3C</entry>
	<entry key="grid.bg">0xc9bf9d</entry>
	<entry key="grid.line">0xb4ac8d</entry>
	<entry key="grid.over">0xf88d30</entry>
	<entry key="grid.selected">0xff6100</entry>
	<entry key="grid.bg.green">0x2C512C</entry>
	<entry key="grid.bg.red">0x5F190B</entry>

	<entry key="grid.passiveSpell">0x7C6399</entry>
	
	<entry key="multigrid.line">0x8A8A8A</entry> <!-- GRIS CLAIR 0x7E7673 -->
	<entry key="multigrid.subline">0xDA6B07</entry>
	<entry key="multigrid.selected">0xF88D30</entry>
    <entry key="multigrid.subselected">0x354c58</entry>
	
	<entry key="radio.over">0x2c2e26</entry>
	
	<entry key="combobox.over">0x903D3D33</entry>
	<entry key="combobox.selected">0x252c2d25</entry>
		
	<entry key="contextmenu.title">0x514a3c</entry>
	<entry key="contextmenu.title.alpha">0.8</entry>
	<entry key="contextmenu.over">0xFF6600</entry>
	<entry key="contextmenu.over.alpha">0.5</entry>
	<entry key="contextmenu.border">0x514a3c</entry>
	<entry key="contextmenu.bg">0xedebdc</entry>
	<entry key="contextmenu.bg.alpha">0.8</entry>
	<entry key="contextmenu.shadow">0x222222</entry>
	<entry key="contextmenu.separator">0x514a3c</entry>
	<entry key="contextmenu.shortcut">0x8a8a8a</entry> <!-- GRIS CLAIR 0x797979 -->
	
	<entry key="timeline.border_current_fighter">0xff6100</entry>	
	
	<entry key="tooltip.bg">0xedebdc</entry>
	<entry key="tooltip.bg.alpha">0.9</entry>
	<entry key="tooltip.border">0x000000</entry>
	<entry key="tooltip.border.activePin">0x505050</entry>
	<entry key="tooltip.separator">0xFF9E9E9E</entry>


	<entry key="scrollbar.bg">0x444455</entry>
	<entry key="scrollbar.bar">0xF15B0F</entry>								  
	
	<!-- Couleurs de textes -->
	
	<entry key="shortcut">0xdb4302</entry>
	<entry key="text.help">0x312D24</entry>
	
	<entry key="hyperlink.link">0x1D4851</entry>
	<entry key="hyperlink.hover">0x067790</entry>
	<entry key="hyperlink.warning">0xec0101</entry>
	
	<entry key="tooltip.text.red">0xc10000</entry>
	<entry key="tooltip.text.orange">0xf17921</entry>
	<entry key="tooltip.text.disabled">0x868686</entry>
	<entry key="tooltip.text.violet">0xBB8BFF</entry>
	
	<entry key="hierarchy.moderator">0xff4343</entry>
	<entry key="hierarchy.gamemaster_padawan">0xc79866</entry>
	<entry key="hierarchy.gamemaster">0xc79866</entry>
	<entry key="hierarchy.administrator">0x686fff</entry>
	
	<entry key="text.glow">0x8a8a8a</entry> <!-- BLANC 0xffffff -->
	<entry key="text.glow.dark">0x000000</entry>
	<entry key="text.glow.light">0x8a8a8a</entry> <!-- BEIGE TRES CLAIR 0xfffae4 -->
	<entry key="text.glow.red">0xed6029</entry>
	
	<entry key="fight.text.multi">0x663399</entry>
	<entry key="fight.text.air">0x009900</entry>
	<entry key="fight.text.water">0x006699</entry>
	<entry key="fight.text.fire">0xc10000</entry>
	<entry key="fight.text.earth">0x663300</entry>
	<entry key="fight.text.neutral">0x636363</entry>
	
	<entry key="smithmagic.success">0x365218</entry>
	<entry key="smithmagic.fail">0x5a2827</entry>	
	<entry key="tooltip.bonus">0x52AE3F</entry>
	<entry key="tooltip.malus">0xCB685E</entry>

	<entry key="shop.oldPrice">0x737373</entry>

	<entry key="area.all">0x8a8a8a</entry>  <!-- GRIS TRES CLAIR 0xc7c7c5 -->
	<entry key="area.normal">0x8a8a8a</entry>  <!-- GRIS TRES CLAIR 0xc7c7c5 -->
	<entry key="area.weakened">0xd7b352</entry>
	<entry key="area.vulnerable">0xd76552</entry>
	<entry key="area.anomaly">0xb652d7</entry>
	<entry key="area.bonus">0xb2d71b</entry>

	<entry key="icon.green">0xb2d71b</entry>
	<entry key="icon.grey">0x8a8a8a</entry>  <!-- GRIS TRES CLAIR 0xc7c7c5 -->

	<entry key="input.tooManyCharacters">0xeb0000</entry>

	<!-- Divers -->
	
	<entry key="progressbar.background">0x000000</entry>
	<entry key="progressbar.separator">0x373737</entry>
    <entry key="progressbar.mount.separator">0x808080</entry>
	<entry key="progressbar.blue">0x3af2ff</entry>
	<entry key="progressbar.green">0xccf600</entry>
	<entry key="progressbar.yellow">0xfcc800</entry>
    <entry key="progressbar.pink">0xdf1b45</entry>
    <entry key="progressbar.red">0xff5b3d</entry>
    <entry key="progressbar.gold">0xffea00</entry>
    
    <entry key="progressbar.damage">0xff6a3d</entry>
	<entry key="progressbar.lifePoints">0xc71c26</entry>
	<entry key="progressbar.shieldPoints">0x9966CC</entry>
	<entry key="progressbar.lifeThreshold">0xebc304</entry>
	<entry key="progressbar.xp">0x3AF2FF</entry>
	<entry key="progressbar.guildXp">0x8400FF</entry>
	<entry key="progressbar.mountXp">0x6CF0E5</entry>
	<entry key="progressbar.incarnationXp">0x85BCFF</entry>
	<entry key="progressbar.jobXp">0x9F51A6</entry>
	<entry key="progressbar.honorPoints">0xFF9400</entry>
	<entry key="progressbar.pods">0x60BE35</entry>
	<entry key="progressbar.energy">0xccf600</entry>
	<entry key="progressbar.podsShop">0x9ec48d</entry> <!-- VERT TRES CLAIR 0xcdffb6 -->

	<entry key="map.search.grid.over">0x151513</entry>
	<entry key="map.search.grid.over.alpha">0.6</entry>
	
	<entry key="flag.unknown">0xEE9933</entry>
	<entry key="flag.right">0x44FF44</entry>
	<entry key="flag.wrong">0xFF4444</entry>
	<entry key="flag.quest1">0x16d225</entry>
	<entry key="flag.quest2">0x00a9fe</entry>
	<entry key="flag.quest3">0xfe20a9</entry>
	<entry key="flag.quest4">0xffa91c</entry>
	<entry key="flag.quest5">0x01fafe</entry>
	<entry key="flag.quest6">0xeea8ff</entry>
	<entry key="flag.quest7">0x00001a</entry>
	<entry key="flag.quest8">0x16d225</entry>
	<entry key="flag.quest9">0xff0212</entry>
	<entry key="flag.quest10">0xfe20a9</entry>
	
	<entry key="gameserver.type0">0x9eb11f</entry>
	<entry key="gameserver.type1">0x371c12</entry>
	<entry key="gameserver.type3">0x173c3c</entry>
	<entry key="gameserver.type4">0x143b5c</entry>
	<entry key="gameserver.type5">0xc36a00</entry>

	<entry key="challenge.challenge">0x9ac200</entry>
	<entry key="challenge.achievement">0xff6c00</entry>


	<!--<entry key="tacticmode.floor01">0x968E67</entry>
	<entry key="tacticmode.floor02">0x605A40</entry>
	<entry key="tacticmode.block01">0x58533A</entry>
	<entry key="tacticmode.block02">0x4B4732</entry>	
	<entry key="tacticmode.block03">0x353324</entry>-->
</LangFile>